roadway_surface_cond,Road_alignment,trafficway_type,road_defect,Road_Key
UNKNOWN,STRAIGHT AND LEVEL,NOT DIVIDED,UNKNOWN,1
DRY,STRAIGHT AND LEVEL,FOUR WAY,NO DEFECTS,2
DRY,STRAIGHT AND LEVEL,T-INTERSECTION,NO DEFECTS,3
UNKNOWN,STRAIGHT AND LEVEL,T-INTERSECTION,UNKNOWN,4
WET,STRAIGHT AND LEVEL,NOT DIVIDED,UNKNOWN,5
DRY,"CURVE, LEVEL",DIVIDED - W/MEDIAN (NOT RAISED),NO DEFECTS,6
DRY,STRAIGHT AND LEVEL,NOT DIVIDED,NO DEFECTS,7
DRY,STRAIGHT AND LEVEL,NOT DIVIDED,UNKNOWN,8
WET,STRAIGHT AND LEVEL,OTHER,NO DEFECTS,9
DRY,STRAIGHT AND LEVEL,UNKNOWN,NO DEFECTS,10
DRY,STRAIGHT AND LEVEL,ONE-WAY,NO DEFECTS,11
SNOW OR SLUSH,STRAIGHT AND LEVEL,RAMP,NO DEFECTS,12
DRY,STRAIGHT AND LEVEL,TRAFFIC ROUTE,NO DEFECTS,13
DRY,STRAIGHT AND LEVEL,"FIVE POINT, OR MORE",NO DEFECTS,14
UNKNOWN,STRAIGHT AND LEVEL,ONE-WAY,UNKNOWN,15
DRY,STRAIGHT AND LEVEL,ONE-WAY,UNKNOWN,16
UNKNOWN,STRAIGHT AND LEVEL,OTHER,UNKNOWN,17
DRY,STRAIGHT AND LEVEL,DIVIDED - W/MEDIAN (NOT RAISED),NO DEFECTS,18
DRY,STRAIGHT AND LEVEL,DIVIDED - W/MEDIAN BARRIER,NO DEFECTS,19
DRY,STRAIGHT AND LEVEL,DIVIDED - W/MEDIAN (NOT RAISED),UNKNOWN,20
WET,STRAIGHT AND LEVEL,FOUR WAY,UNKNOWN,21
WET,STRAIGHT AND LEVEL,FOUR WAY,NO DEFECTS,22
DRY,STRAIGHT AND LEVEL,FOUR WAY,UNKNOWN,23
UNKNOWN,STRAIGHT AND LEVEL,ONE-WAY,OTHER,24
UNKNOWN,STRAIGHT AND LEVEL,DIVIDED - W/MEDIAN (NOT RAISED),UNKNOWN,25
UNKNOWN,STRAIGHT AND LEVEL,NOT DIVIDED,NO DEFECTS,26
WET,STRAIGHT AND LEVEL,NOT DIVIDED,NO DEFECTS,27
WET,STRAIGHT AND LEVEL,ONE-WAY,NO DEFECTS,28
WET,STRAIGHT AND LEVEL,DIVIDED - W/MEDIAN (NOT RAISED),NO DEFECTS,29
WET,STRAIGHT AND LEVEL,T-INTERSECTION,UNKNOWN,30
DRY,STRAIGHT AND LEVEL,ALLEY,NO DEFECTS,31
UNKNOWN,STRAIGHT AND LEVEL,FOUR WAY,UNKNOWN,32
WET,STRAIGHT AND LEVEL,UNKNOWN,UNKNOWN,33
ICE,STRAIGHT AND LEVEL,DIVIDED - W/MEDIAN BARRIER,NO DEFECTS,34
DRY,STRAIGHT AND LEVEL,DIVIDED - W/MEDIAN BARRIER,UNKNOWN,35
DRY,"CURVE, LEVEL",DIVIDED - W/MEDIAN BARRIER,NO DEFECTS,36
DRY,"CURVE, LEVEL",OTHER,NO DEFECTS,37
DRY,STRAIGHT AND LEVEL,OTHER,NO DEFECTS,38
OTHER,STRAIGHT AND LEVEL,DIVIDED - W/MEDIAN (NOT RAISED),UNKNOWN,39
UNKNOWN,STRAIGHT AND LEVEL,CENTER TURN LANE,UNKNOWN,40
DRY,STRAIGHT AND LEVEL,T-INTERSECTION,SHOULDER DEFECT,41
SNOW OR SLUSH,STRAIGHT AND LEVEL,NOT DIVIDED,NO DEFECTS,42
OTHER,STRAIGHT AND LEVEL,T-INTERSECTION,UNKNOWN,43
WET,STRAIGHT AND LEVEL,DIVIDED - W/MEDIAN BARRIER,NO DEFECTS,44
DRY,STRAIGHT AND LEVEL,UNKNOWN,UNKNOWN,45
SNOW OR SLUSH,STRAIGHT ON HILLCREST,DIVIDED - W/MEDIAN (NOT RAISED),NO DEFECTS,46
DRY,STRAIGHT ON GRADE,FOUR WAY,NO DEFECTS,47
UNKNOWN,STRAIGHT AND LEVEL,FOUR WAY,NO DEFECTS,48
WET,STRAIGHT AND LEVEL,DIVIDED - W/MEDIAN (NOT RAISED),UNKNOWN,49
UNKNOWN,STRAIGHT AND LEVEL,UNKNOWN,UNKNOWN,50
DRY,STRAIGHT AND LEVEL,CENTER TURN LANE,NO DEFECTS,51
DRY,STRAIGHT AND LEVEL,L-INTERSECTION,NO DEFECTS,52
DRY,STRAIGHT AND LEVEL,"FIVE POINT, OR MORE",UNKNOWN,53
UNKNOWN,STRAIGHT ON GRADE,DIVIDED - W/MEDIAN BARRIER,UNKNOWN,54
SNOW OR SLUSH,STRAIGHT AND LEVEL,DIVIDED - W/MEDIAN BARRIER,NO DEFECTS,55
WET,STRAIGHT AND LEVEL,TRAFFIC ROUTE,NO DEFECTS,56
WET,STRAIGHT AND LEVEL,ONE-WAY,WORN SURFACE,57
SNOW OR SLUSH,STRAIGHT AND LEVEL,DIVIDED - W/MEDIAN (NOT RAISED),NO DEFECTS,58
SNOW OR SLUSH,STRAIGHT AND LEVEL,ONE-WAY,NO DEFECTS,59
SNOW OR SLUSH,STRAIGHT AND LEVEL,T-INTERSECTION,NO DEFECTS,60
WET,STRAIGHT AND LEVEL,DRIVEWAY,NO DEFECTS,61
DRY,STRAIGHT AND LEVEL,Y-INTERSECTION,NO DEFECTS,62
WET,STRAIGHT AND LEVEL,DIVIDED - W/MEDIAN BARRIER,UNKNOWN,63
WET,STRAIGHT AND LEVEL,T-INTERSECTION,NO DEFECTS,64
DRY,STRAIGHT ON GRADE,DIVIDED - W/MEDIAN (NOT RAISED),UNKNOWN,65
DRY,STRAIGHT AND LEVEL,T-INTERSECTION,UNKNOWN,66
WET,STRAIGHT AND LEVEL,"FIVE POINT, OR MORE",NO DEFECTS,67
SNOW OR SLUSH,STRAIGHT AND LEVEL,FOUR WAY,UNKNOWN,68
DRY,STRAIGHT AND LEVEL,PARKING LOT,NO DEFECTS,69
DRY,STRAIGHT AND LEVEL,ONE-WAY,OTHER,70
SNOW OR SLUSH,STRAIGHT AND LEVEL,DIVIDED - W/MEDIAN (NOT RAISED),UNKNOWN,71
UNKNOWN,STRAIGHT AND LEVEL,UNKNOWN,NO DEFECTS,72
DRY,STRAIGHT ON GRADE,DIVIDED - W/MEDIAN (NOT RAISED),NO DEFECTS,73
WET,STRAIGHT AND LEVEL,PARKING LOT,NO DEFECTS,74
ICE,STRAIGHT AND LEVEL,FOUR WAY,NO DEFECTS,75
DRY,STRAIGHT ON HILLCREST,OTHER,NO DEFECTS,76
DRY,CURVE ON GRADE,NOT DIVIDED,NO DEFECTS,77
DRY,STRAIGHT AND LEVEL,ROUNDABOUT,NO DEFECTS,78
"SAND, MUD, DIRT",STRAIGHT AND LEVEL,OTHER,DEBRIS ON ROADWAY,79
DRY,STRAIGHT ON GRADE,OTHER,NO DEFECTS,80
ICE,STRAIGHT AND LEVEL,NOT DIVIDED,NO DEFECTS,81
OTHER,STRAIGHT AND LEVEL,PARKING LOT,UNKNOWN,82
DRY,STRAIGHT AND LEVEL,DIVIDED - W/MEDIAN (NOT RAISED),"RUT, HOLES",83
DRY,STRAIGHT AND LEVEL,NOT DIVIDED,OTHER,84
DRY,STRAIGHT ON GRADE,DIVIDED - W/MEDIAN (NOT RAISED),SHOULDER DEFECT,85
DRY,STRAIGHT AND LEVEL,NOT DIVIDED,"RUT, HOLES",86
SNOW OR SLUSH,STRAIGHT AND LEVEL,FOUR WAY,NO DEFECTS,87
DRY,STRAIGHT ON GRADE,NOT DIVIDED,NO DEFECTS,88
DRY,STRAIGHT ON GRADE,RAMP,NO DEFECTS,89
WET,STRAIGHT AND LEVEL,CENTER TURN LANE,UNKNOWN,90
DRY,STRAIGHT AND LEVEL,PARKING LOT,UNKNOWN,91
DRY,STRAIGHT AND LEVEL,NOT DIVIDED,SHOULDER DEFECT,92
DRY,STRAIGHT AND LEVEL,CENTER TURN LANE,SHOULDER DEFECT,93
WET,STRAIGHT AND LEVEL,UNKNOWN,NO DEFECTS,94
DRY,STRAIGHT ON GRADE,ONE-WAY,NO DEFECTS,95
WET,CURVE ON GRADE,NOT DIVIDED,NO DEFECTS,96
SNOW OR SLUSH,STRAIGHT AND LEVEL,T-INTERSECTION,WORN SURFACE,97
DRY,"CURVE, LEVEL",L-INTERSECTION,OTHER,98
DRY,STRAIGHT AND LEVEL,NOT REPORTED,NO DEFECTS,99
UNKNOWN,STRAIGHT AND LEVEL,ALLEY,UNKNOWN,100
SNOW OR SLUSH,STRAIGHT AND LEVEL,T-INTERSECTION,UNKNOWN,101
DRY,"CURVE, LEVEL",T-INTERSECTION,NO DEFECTS,102
DRY,STRAIGHT AND LEVEL,ONE-WAY,SHOULDER DEFECT,103
DRY,STRAIGHT AND LEVEL,RAMP,NO DEFECTS,104
DRY,STRAIGHT AND LEVEL,DIVIDED - W/MEDIAN BARRIER,WORN SURFACE,105
DRY,STRAIGHT ON HILLCREST,DIVIDED - W/MEDIAN (NOT RAISED),NO DEFECTS,106
UNKNOWN,STRAIGHT ON GRADE,UNKNOWN,UNKNOWN,107
UNKNOWN,STRAIGHT AND LEVEL,ONE-WAY,NO DEFECTS,108
UNKNOWN,STRAIGHT AND LEVEL,DIVIDED - W/MEDIAN BARRIER,UNKNOWN,109
DRY,STRAIGHT ON GRADE,T-INTERSECTION,UNKNOWN,110
SNOW OR SLUSH,STRAIGHT AND LEVEL,DIVIDED - W/MEDIAN BARRIER,UNKNOWN,111
DRY,STRAIGHT ON GRADE,DIVIDED - W/MEDIAN BARRIER,NO DEFECTS,112
WET,STRAIGHT AND LEVEL,DIVIDED - W/MEDIAN (NOT RAISED),SHOULDER DEFECT,113
SNOW OR SLUSH,STRAIGHT AND LEVEL,NOT DIVIDED,UNKNOWN,114
WET,STRAIGHT AND LEVEL,NOT DIVIDED,OTHER,115
WET,CURVE ON GRADE,NOT DIVIDED,SHOULDER DEFECT,116
DRY,CURVE ON GRADE,RAMP,NO DEFECTS,117
DRY,CURVE ON GRADE,OTHER,NO DEFECTS,118
SNOW OR SLUSH,STRAIGHT AND LEVEL,DIVIDED - W/MEDIAN (NOT RAISED),SHOULDER DEFECT,119
OTHER,STRAIGHT AND LEVEL,NOT DIVIDED,OTHER,120
WET,STRAIGHT ON GRADE,DIVIDED - W/MEDIAN (NOT RAISED),NO DEFECTS,121
ICE,STRAIGHT AND LEVEL,ONE-WAY,NO DEFECTS,122
DRY,CURVE ON GRADE,UNKNOWN,NO DEFECTS,123
DRY,STRAIGHT AND LEVEL,DIVIDED - W/MEDIAN BARRIER,"RUT, HOLES",124
WET,STRAIGHT ON GRADE,OTHER,NO DEFECTS,125
SNOW OR SLUSH,STRAIGHT AND LEVEL,CENTER TURN LANE,NO DEFECTS,126
WET,STRAIGHT AND LEVEL,ONE-WAY,UNKNOWN,127
WET,STRAIGHT ON GRADE,DIVIDED - W/MEDIAN BARRIER,NO DEFECTS,128
DRY,STRAIGHT ON GRADE,DIVIDED - W/MEDIAN BARRIER,UNKNOWN,129
WET,STRAIGHT AND LEVEL,CENTER TURN LANE,NO DEFECTS,130
DRY,STRAIGHT AND LEVEL,ALLEY,UNKNOWN,131
ICE,"CURVE, LEVEL",DIVIDED - W/MEDIAN BARRIER,NO DEFECTS,132
WET,STRAIGHT ON GRADE,NOT DIVIDED,NO DEFECTS,133
DRY,"CURVE, LEVEL",FOUR WAY,UNKNOWN,134
DRY,STRAIGHT AND LEVEL,OTHER,"RUT, HOLES",135
DRY,STRAIGHT ON HILLCREST,FOUR WAY,NO DEFECTS,136
WET,CURVE ON GRADE,L-INTERSECTION,NO DEFECTS,137
WET,STRAIGHT AND LEVEL,"FIVE POINT, OR MORE",UNKNOWN,138
DRY,STRAIGHT AND LEVEL,Y-INTERSECTION,UNKNOWN,139
ICE,STRAIGHT AND LEVEL,ONE-WAY,UNKNOWN,140
DRY,CURVE ON GRADE,DIVIDED - W/MEDIAN BARRIER,NO DEFECTS,141
SNOW OR SLUSH,STRAIGHT AND LEVEL,OTHER,NO DEFECTS,142
DRY,STRAIGHT AND LEVEL,DIVIDED - W/MEDIAN (NOT RAISED),OTHER,143
UNKNOWN,STRAIGHT ON GRADE,T-INTERSECTION,UNKNOWN,144
ICE,STRAIGHT AND LEVEL,DIVIDED - W/MEDIAN (NOT RAISED),UNKNOWN,145
DRY,CURVE ON GRADE,DIVIDED - W/MEDIAN BARRIER,UNKNOWN,146
UNKNOWN,STRAIGHT AND LEVEL,PARKING LOT,UNKNOWN,147
WET,STRAIGHT ON GRADE,NOT DIVIDED,UNKNOWN,148
SNOW OR SLUSH,STRAIGHT ON GRADE,T-INTERSECTION,UNKNOWN,149
DRY,STRAIGHT AND LEVEL,CENTER TURN LANE,UNKNOWN,150
WET,STRAIGHT ON HILLCREST,NOT DIVIDED,NO DEFECTS,151
WET,STRAIGHT AND LEVEL,ALLEY,NO DEFECTS,152
DRY,STRAIGHT AND LEVEL,FOUR WAY,WORN SURFACE,153
DRY,STRAIGHT ON GRADE,NOT DIVIDED,UNKNOWN,154
DRY,"CURVE, LEVEL",NOT DIVIDED,NO DEFECTS,155
WET,"CURVE, LEVEL",DIVIDED - W/MEDIAN BARRIER,UNKNOWN,156
SNOW OR SLUSH,"CURVE, LEVEL",NOT DIVIDED,NO DEFECTS,157
WET,STRAIGHT AND LEVEL,Y-INTERSECTION,UNKNOWN,158
ICE,STRAIGHT AND LEVEL,DIVIDED - W/MEDIAN (NOT RAISED),NO DEFECTS,159
UNKNOWN,STRAIGHT AND LEVEL,DIVIDED - W/MEDIAN BARRIER,NO DEFECTS,160
SNOW OR SLUSH,STRAIGHT AND LEVEL,T-INTERSECTION,OTHER,161
ICE,STRAIGHT AND LEVEL,FOUR WAY,UNKNOWN,162
DRY,STRAIGHT AND LEVEL,DRIVEWAY,NO DEFECTS,163
UNKNOWN,STRAIGHT AND LEVEL,NOT DIVIDED,"RUT, HOLES",164
SNOW OR SLUSH,STRAIGHT ON GRADE,NOT DIVIDED,NO DEFECTS,165
DRY,STRAIGHT AND LEVEL,ONE-WAY,WORN SURFACE,166
DRY,STRAIGHT AND LEVEL,FOUR WAY,OTHER,167
WET,"CURVE, LEVEL",T-INTERSECTION,NO DEFECTS,168
OTHER,STRAIGHT AND LEVEL,OTHER,UNKNOWN,169
DRY,STRAIGHT ON GRADE,PARKING LOT,NO DEFECTS,170
DRY,"CURVE, LEVEL",NOT DIVIDED,UNKNOWN,171
UNKNOWN,STRAIGHT AND LEVEL,FOUR WAY,WORN SURFACE,172
WET,"CURVE, LEVEL",DIVIDED - W/MEDIAN (NOT RAISED),NO DEFECTS,173
DRY,CURVE ON GRADE,RAMP,UNKNOWN,174
DRY,STRAIGHT ON HILLCREST,RAMP,NO DEFECTS,175
WET,STRAIGHT ON GRADE,FOUR WAY,NO DEFECTS,176
UNKNOWN,STRAIGHT AND LEVEL,DIVIDED - W/MEDIAN (NOT RAISED),NO DEFECTS,177
WET,"CURVE, LEVEL",NOT DIVIDED,UNKNOWN,178
ICE,"CURVE, LEVEL",DIVIDED - W/MEDIAN BARRIER,OTHER,179
UNKNOWN,STRAIGHT ON GRADE,FOUR WAY,UNKNOWN,180
OTHER,STRAIGHT AND LEVEL,DIVIDED - W/MEDIAN (NOT RAISED),NO DEFECTS,181
WET,"CURVE, LEVEL",DIVIDED - W/MEDIAN BARRIER,NO DEFECTS,182
DRY,STRAIGHT AND LEVEL,DIVIDED - W/MEDIAN (NOT RAISED),WORN SURFACE,183
UNKNOWN,STRAIGHT AND LEVEL,NOT DIVIDED,WORN SURFACE,184
OTHER,STRAIGHT AND LEVEL,NOT DIVIDED,UNKNOWN,185
WET,STRAIGHT ON HILLCREST,T-INTERSECTION,NO DEFECTS,186
DRY,STRAIGHT AND LEVEL,OTHER,UNKNOWN,187
DRY,STRAIGHT AND LEVEL,NOT REPORTED,UNKNOWN,188
UNKNOWN,STRAIGHT AND LEVEL,TRAFFIC ROUTE,UNKNOWN,189
SNOW OR SLUSH,STRAIGHT ON GRADE,FOUR WAY,NO DEFECTS,190
DRY,STRAIGHT ON HILLCREST,DIVIDED - W/MEDIAN BARRIER,NO DEFECTS,191
DRY,STRAIGHT AND LEVEL,NOT DIVIDED,WORN SURFACE,192
WET,STRAIGHT AND LEVEL,NOT REPORTED,NO DEFECTS,193
DRY,"CURVE, LEVEL",UNKNOWN,NO DEFECTS,194
UNKNOWN,STRAIGHT AND LEVEL,ALLEY,NO DEFECTS,195
DRY,"CURVE, LEVEL",ONE-WAY,NO DEFECTS,196
UNKNOWN,STRAIGHT AND LEVEL,FOUR WAY,OTHER,197
UNKNOWN,STRAIGHT AND LEVEL,RAMP,UNKNOWN,198
UNKNOWN,STRAIGHT ON GRADE,ONE-WAY,UNKNOWN,199
OTHER,STRAIGHT AND LEVEL,FOUR WAY,UNKNOWN,200
DRY,STRAIGHT AND LEVEL,DIVIDED - W/MEDIAN (NOT RAISED),SHOULDER DEFECT,201
DRY,STRAIGHT AND LEVEL,FOUR WAY,SHOULDER DEFECT,202
WET,STRAIGHT ON GRADE,ONE-WAY,NO DEFECTS,203
SNOW OR SLUSH,STRAIGHT AND LEVEL,CENTER TURN LANE,UNKNOWN,204
DRY,"CURVE, LEVEL",ONE-WAY,DEBRIS ON ROADWAY,205
UNKNOWN,STRAIGHT AND LEVEL,DIVIDED - W/MEDIAN (NOT RAISED),WORN SURFACE,206
DRY,STRAIGHT AND LEVEL,RAMP,UNKNOWN,207
WET,"CURVE, LEVEL",FOUR WAY,UNKNOWN,208
DRY,STRAIGHT AND LEVEL,T-INTERSECTION,WORN SURFACE,209
DRY,STRAIGHT AND LEVEL,OTHER,SHOULDER DEFECT,210
DRY,STRAIGHT ON GRADE,T-INTERSECTION,NO DEFECTS,211
ICE,STRAIGHT AND LEVEL,OTHER,NO DEFECTS,212
SNOW OR SLUSH,STRAIGHT AND LEVEL,FOUR WAY,"RUT, HOLES",213
WET,STRAIGHT ON GRADE,RAMP,NO DEFECTS,214
OTHER,STRAIGHT AND LEVEL,FOUR WAY,NO DEFECTS,215
UNKNOWN,STRAIGHT AND LEVEL,"FIVE POINT, OR MORE",UNKNOWN,216
OTHER,STRAIGHT AND LEVEL,OTHER,NO DEFECTS,217
DRY,STRAIGHT AND LEVEL,DIVIDED - W/MEDIAN BARRIER,OTHER,218
UNKNOWN,STRAIGHT AND LEVEL,DRIVEWAY,UNKNOWN,219
OTHER,STRAIGHT AND LEVEL,NOT DIVIDED,NO DEFECTS,220
UNKNOWN,STRAIGHT AND LEVEL,T-INTERSECTION,NO DEFECTS,221
SNOW OR SLUSH,STRAIGHT AND LEVEL,"FIVE POINT, OR MORE",NO DEFECTS,222
UNKNOWN,STRAIGHT ON GRADE,CENTER TURN LANE,UNKNOWN,223
WET,STRAIGHT AND LEVEL,OTHER,UNKNOWN,224
SNOW OR SLUSH,STRAIGHT ON GRADE,NOT DIVIDED,UNKNOWN,225
WET,STRAIGHT ON HILLCREST,DIVIDED - W/MEDIAN BARRIER,NO DEFECTS,226
DRY,CURVE ON GRADE,DIVIDED - W/MEDIAN (NOT RAISED),NO DEFECTS,227
UNKNOWN,STRAIGHT AND LEVEL,NOT DIVIDED,DEBRIS ON ROADWAY,228
WET,STRAIGHT AND LEVEL,FOUR WAY,WORN SURFACE,229
ICE,STRAIGHT AND LEVEL,T-INTERSECTION,NO DEFECTS,230
DRY,STRAIGHT AND LEVEL,CENTER TURN LANE,"RUT, HOLES",231
SNOW OR SLUSH,STRAIGHT AND LEVEL,TRAFFIC ROUTE,NO DEFECTS,232
DRY,STRAIGHT AND LEVEL,TRAFFIC ROUTE,WORN SURFACE,233
DRY,CURVE ON HILLCREST,DIVIDED - W/MEDIAN (NOT RAISED),NO DEFECTS,234
DRY,STRAIGHT ON HILLCREST,NOT DIVIDED,NO DEFECTS,235
ICE,STRAIGHT AND LEVEL,NOT DIVIDED,UNKNOWN,236
OTHER,STRAIGHT AND LEVEL,UNKNOWN,OTHER,237
UNKNOWN,"CURVE, LEVEL",NOT DIVIDED,UNKNOWN,238
DRY,STRAIGHT ON GRADE,CENTER TURN LANE,NO DEFECTS,239
SNOW OR SLUSH,STRAIGHT AND LEVEL,UNKNOWN,NO DEFECTS,240
WET,STRAIGHT AND LEVEL,DIVIDED - W/MEDIAN (NOT RAISED),OTHER,241
WET,STRAIGHT AND LEVEL,RAMP,NO DEFECTS,242
DRY,CURVE ON HILLCREST,DIVIDED - W/MEDIAN BARRIER,NO DEFECTS,243
DRY,STRAIGHT AND LEVEL,DIVIDED - W/MEDIAN (NOT RAISED),DEBRIS ON ROADWAY,244
WET,STRAIGHT ON GRADE,NOT DIVIDED,"RUT, HOLES",245
WET,STRAIGHT ON GRADE,DIVIDED - W/MEDIAN (NOT RAISED),WORN SURFACE,246
DRY,STRAIGHT AND LEVEL,NOT DIVIDED,DEBRIS ON ROADWAY,247
WET,STRAIGHT AND LEVEL,FOUR WAY,OTHER,248
SNOW OR SLUSH,STRAIGHT AND LEVEL,FOUR WAY,OTHER,249
DRY,STRAIGHT ON GRADE,FOUR WAY,UNKNOWN,250
DRY,"CURVE, LEVEL",FOUR WAY,NO DEFECTS,251
UNKNOWN,STRAIGHT AND LEVEL,"FIVE POINT, OR MORE",NO DEFECTS,252
DRY,STRAIGHT ON GRADE,L-INTERSECTION,UNKNOWN,253
DRY,STRAIGHT ON GRADE,OTHER,UNKNOWN,254
UNKNOWN,STRAIGHT AND LEVEL,NOT REPORTED,UNKNOWN,255
SNOW OR SLUSH,STRAIGHT AND LEVEL,ONE-WAY,UNKNOWN,256
WET,STRAIGHT AND LEVEL,ROUNDABOUT,NO DEFECTS,257
UNKNOWN,STRAIGHT AND LEVEL,UNKNOWN,"RUT, HOLES",258
UNKNOWN,STRAIGHT ON GRADE,FOUR WAY,NO DEFECTS,259
WET,STRAIGHT AND LEVEL,Y-INTERSECTION,NO DEFECTS,260
WET,STRAIGHT AND LEVEL,DIVIDED - W/MEDIAN (NOT RAISED),"RUT, HOLES",261
DRY,STRAIGHT ON GRADE,"FIVE POINT, OR MORE",NO DEFECTS,262
WET,"CURVE, LEVEL",FOUR WAY,NO DEFECTS,263
ICE,STRAIGHT AND LEVEL,NOT DIVIDED,OTHER,264
DRY,"CURVE, LEVEL",T-INTERSECTION,UNKNOWN,265
WET,STRAIGHT AND LEVEL,DIVIDED - W/MEDIAN BARRIER,WORN SURFACE,266
DRY,STRAIGHT AND LEVEL,OTHER,OTHER,267
SNOW OR SLUSH,STRAIGHT ON GRADE,DIVIDED - W/MEDIAN (NOT RAISED),NO DEFECTS,268
DRY,STRAIGHT ON GRADE,L-INTERSECTION,SHOULDER DEFECT,269
ICE,STRAIGHT AND LEVEL,T-INTERSECTION,UNKNOWN,270
DRY,STRAIGHT AND LEVEL,DIVIDED - W/MEDIAN BARRIER,SHOULDER DEFECT,271
WET,STRAIGHT ON HILLCREST,ONE-WAY,UNKNOWN,272
WET,STRAIGHT AND LEVEL,NOT DIVIDED,"RUT, HOLES",273
SNOW OR SLUSH,CURVE ON GRADE,L-INTERSECTION,NO DEFECTS,274
WET,STRAIGHT AND LEVEL,NOT DIVIDED,WORN SURFACE,275
SNOW OR SLUSH,STRAIGHT AND LEVEL,Y-INTERSECTION,UNKNOWN,276
UNKNOWN,STRAIGHT AND LEVEL,NOT DIVIDED,OTHER,277
UNKNOWN,STRAIGHT AND LEVEL,DRIVEWAY,NO DEFECTS,278
WET,STRAIGHT ON GRADE,UNKNOWN,NO DEFECTS,279
DRY,STRAIGHT ON GRADE,NOT DIVIDED,WORN SURFACE,280
"SAND, MUD, DIRT",CURVE ON GRADE,NOT DIVIDED,DEBRIS ON ROADWAY,281
WET,"CURVE, LEVEL",NOT DIVIDED,NO DEFECTS,282
DRY,STRAIGHT ON GRADE,ONE-WAY,UNKNOWN,283
DRY,CURVE ON GRADE,DIVIDED - W/MEDIAN BARRIER,WORN SURFACE,284
DRY,STRAIGHT AND LEVEL,FOUR WAY,"RUT, HOLES",285
UNKNOWN,STRAIGHT AND LEVEL,Y-INTERSECTION,UNKNOWN,286
DRY,STRAIGHT AND LEVEL,TRAFFIC ROUTE,UNKNOWN,287
DRY,STRAIGHT AND LEVEL,OTHER,WORN SURFACE,288
"SAND, MUD, DIRT",STRAIGHT AND LEVEL,NOT DIVIDED,"RUT, HOLES",289
ICE,STRAIGHT AND LEVEL,DIVIDED - W/MEDIAN BARRIER,UNKNOWN,290
DRY,STRAIGHT ON HILLCREST,ONE-WAY,NO DEFECTS,291
ICE,STRAIGHT AND LEVEL,DIVIDED - W/MEDIAN (NOT RAISED),OTHER,292
UNKNOWN,STRAIGHT AND LEVEL,CENTER TURN LANE,NO DEFECTS,293
WET,STRAIGHT ON GRADE,T-INTERSECTION,UNKNOWN,294
SNOW OR SLUSH,"CURVE, LEVEL",DIVIDED - W/MEDIAN (NOT RAISED),NO DEFECTS,295
WET,STRAIGHT ON GRADE,Y-INTERSECTION,NO DEFECTS,296
WET,STRAIGHT ON GRADE,Y-INTERSECTION,WORN SURFACE,297
UNKNOWN,STRAIGHT AND LEVEL,RAMP,NO DEFECTS,298
DRY,STRAIGHT AND LEVEL,"FIVE POINT, OR MORE",SHOULDER DEFECT,299
UNKNOWN,STRAIGHT ON GRADE,DIVIDED - W/MEDIAN (NOT RAISED),UNKNOWN,300
ICE,STRAIGHT ON GRADE,FOUR WAY,UNKNOWN,301
DRY,STRAIGHT ON GRADE,Y-INTERSECTION,UNKNOWN,302
WET,STRAIGHT AND LEVEL,FOUR WAY,SHOULDER DEFECT,303
WET,STRAIGHT AND LEVEL,NOT REPORTED,UNKNOWN,304
SNOW OR SLUSH,STRAIGHT ON GRADE,DIVIDED - W/MEDIAN (NOT RAISED),UNKNOWN,305
DRY,STRAIGHT AND LEVEL,ALLEY,WORN SURFACE,306
WET,STRAIGHT ON GRADE,T-INTERSECTION,NO DEFECTS,307
ICE,STRAIGHT AND LEVEL,ALLEY,NO DEFECTS,308
SNOW OR SLUSH,STRAIGHT AND LEVEL,OTHER,UNKNOWN,309
DRY,STRAIGHT ON HILLCREST,FOUR WAY,UNKNOWN,310
DRY,STRAIGHT AND LEVEL,CENTER TURN LANE,WORN SURFACE,311
SNOW OR SLUSH,STRAIGHT AND LEVEL,FOUR WAY,WORN SURFACE,312
OTHER,STRAIGHT AND LEVEL,DIVIDED - W/MEDIAN BARRIER,"RUT, HOLES",313
UNKNOWN,STRAIGHT AND LEVEL,OTHER,OTHER,314
DRY,CURVE ON HILLCREST,FOUR WAY,NO DEFECTS,315
WET,"CURVE, LEVEL",ONE-WAY,NO DEFECTS,316
SNOW OR SLUSH,STRAIGHT AND LEVEL,PARKING LOT,NO DEFECTS,317
SNOW OR SLUSH,STRAIGHT ON GRADE,ONE-WAY,NO DEFECTS,318
DRY,STRAIGHT AND LEVEL,ONE-WAY,"RUT, HOLES",319
WET,"CURVE, LEVEL",UNKNOWN,NO DEFECTS,320
SNOW OR SLUSH,STRAIGHT AND LEVEL,Y-INTERSECTION,NO DEFECTS,321
SNOW OR SLUSH,STRAIGHT AND LEVEL,UNKNOWN,UNKNOWN,322
ICE,STRAIGHT ON GRADE,NOT DIVIDED,NO DEFECTS,323
DRY,STRAIGHT ON GRADE,ALLEY,NO DEFECTS,324
SNOW OR SLUSH,STRAIGHT AND LEVEL,ROUNDABOUT,NO DEFECTS,325
DRY,STRAIGHT ON HILLCREST,OTHER,UNKNOWN,326
UNKNOWN,STRAIGHT AND LEVEL,OTHER,NO DEFECTS,327
WET,STRAIGHT AND LEVEL,CENTER TURN LANE,WORN SURFACE,328
WET,STRAIGHT ON HILLCREST,DIVIDED - W/MEDIAN (NOT RAISED),NO DEFECTS,329
DRY,STRAIGHT ON GRADE,ONE-WAY,WORN SURFACE,330
DRY,STRAIGHT AND LEVEL,T-INTERSECTION,OTHER,331
WET,STRAIGHT ON GRADE,DIVIDED - W/MEDIAN (NOT RAISED),OTHER,332
SNOW OR SLUSH,STRAIGHT AND LEVEL,ONE-WAY,"RUT, HOLES",333
DRY,"CURVE, LEVEL",Y-INTERSECTION,NO DEFECTS,334
SNOW OR SLUSH,STRAIGHT ON GRADE,"FIVE POINT, OR MORE",NO DEFECTS,335
WET,"CURVE, LEVEL",Y-INTERSECTION,NO DEFECTS,336
OTHER,STRAIGHT AND LEVEL,ONE-WAY,UNKNOWN,337
WET,"CURVE, LEVEL",T-INTERSECTION,SHOULDER DEFECT,338
DRY,"CURVE, LEVEL",DIVIDED - W/MEDIAN BARRIER,WORN SURFACE,339
DRY,"CURVE, LEVEL",RAMP,NO DEFECTS,340
UNKNOWN,STRAIGHT AND LEVEL,L-INTERSECTION,UNKNOWN,341
ICE,STRAIGHT ON GRADE,Y-INTERSECTION,NO DEFECTS,342
SNOW OR SLUSH,STRAIGHT AND LEVEL,FOUR WAY,DEBRIS ON ROADWAY,343
DRY,CURVE ON HILLCREST,ONE-WAY,NO DEFECTS,344
SNOW OR SLUSH,STRAIGHT AND LEVEL,DIVIDED - W/MEDIAN BARRIER,"RUT, HOLES",345
WET,STRAIGHT ON HILLCREST,FOUR WAY,NO DEFECTS,346
OTHER,STRAIGHT AND LEVEL,OTHER,OTHER,347
SNOW OR SLUSH,STRAIGHT AND LEVEL,PARKING LOT,UNKNOWN,348
DRY,STRAIGHT ON GRADE,DIVIDED - W/MEDIAN BARRIER,OTHER,349
WET,STRAIGHT ON GRADE,DIVIDED - W/MEDIAN BARRIER,"RUT, HOLES",350
WET,STRAIGHT AND LEVEL,UNKNOWN,OTHER,351
WET,STRAIGHT AND LEVEL,ALLEY,"RUT, HOLES",352
SNOW OR SLUSH,STRAIGHT AND LEVEL,ALLEY,NO DEFECTS,353
DRY,STRAIGHT ON GRADE,T-INTERSECTION,OTHER,354
OTHER,STRAIGHT AND LEVEL,DIVIDED - W/MEDIAN BARRIER,NO DEFECTS,355
SNOW OR SLUSH,CURVE ON GRADE,RAMP,NO DEFECTS,356
DRY,"CURVE, LEVEL",ONE-WAY,UNKNOWN,357
WET,STRAIGHT ON GRADE,DIVIDED - W/MEDIAN (NOT RAISED),UNKNOWN,358
SNOW OR SLUSH,STRAIGHT AND LEVEL,ALLEY,UNKNOWN,359
DRY,"CURVE, LEVEL",NOT DIVIDED,DEBRIS ON ROADWAY,360
SNOW OR SLUSH,STRAIGHT AND LEVEL,OTHER,OTHER,361
DRY,CURVE ON GRADE,NOT DIVIDED,WORN SURFACE,362
WET,STRAIGHT AND LEVEL,T-INTERSECTION,SHOULDER DEFECT,363
DRY,STRAIGHT ON HILLCREST,NOT DIVIDED,UNKNOWN,364
WET,STRAIGHT ON GRADE,FOUR WAY,UNKNOWN,365
DRY,"CURVE, LEVEL",CENTER TURN LANE,NO DEFECTS,366
OTHER,STRAIGHT AND LEVEL,NOT DIVIDED,"RUT, HOLES",367
DRY,STRAIGHT AND LEVEL,FOUR WAY,DEBRIS ON ROADWAY,368
WET,STRAIGHT AND LEVEL,NOT DIVIDED,SHOULDER DEFECT,369
WET,CURVE ON HILLCREST,FOUR WAY,NO DEFECTS,370
WET,STRAIGHT AND LEVEL,ALLEY,DEBRIS ON ROADWAY,371
DRY,STRAIGHT AND LEVEL,T-INTERSECTION,DEBRIS ON ROADWAY,372
WET,STRAIGHT AND LEVEL,L-INTERSECTION,UNKNOWN,373
SNOW OR SLUSH,STRAIGHT AND LEVEL,FOUR WAY,SHOULDER DEFECT,374
WET,STRAIGHT ON GRADE,ONE-WAY,"RUT, HOLES",375
ICE,STRAIGHT AND LEVEL,PARKING LOT,UNKNOWN,376
WET,CURVE ON GRADE,FOUR WAY,NO DEFECTS,377
UNKNOWN,STRAIGHT ON GRADE,NOT DIVIDED,NO DEFECTS,378
UNKNOWN,STRAIGHT AND LEVEL,ROUNDABOUT,UNKNOWN,379
DRY,STRAIGHT ON GRADE,FOUR WAY,WORN SURFACE,380
WET,STRAIGHT AND LEVEL,DIVIDED - W/MEDIAN BARRIER,OTHER,381
DRY,CURVE ON HILLCREST,OTHER,NO DEFECTS,382
WET,STRAIGHT AND LEVEL,ONE-WAY,OTHER,383
ICE,STRAIGHT AND LEVEL,NOT DIVIDED,WORN SURFACE,384
DRY,STRAIGHT ON GRADE,NOT DIVIDED,SHOULDER DEFECT,385
WET,STRAIGHT ON HILLCREST,CENTER TURN LANE,NO DEFECTS,386
WET,STRAIGHT ON GRADE,DIVIDED - W/MEDIAN (NOT RAISED),"RUT, HOLES",387
SNOW OR SLUSH,"CURVE, LEVEL",NOT DIVIDED,UNKNOWN,388
DRY,STRAIGHT ON GRADE,FOUR WAY,SHOULDER DEFECT,389
WET,STRAIGHT AND LEVEL,L-INTERSECTION,NO DEFECTS,390
UNKNOWN,STRAIGHT ON GRADE,NOT DIVIDED,UNKNOWN,391
ICE,STRAIGHT AND LEVEL,UNKNOWN,UNKNOWN,392
WET,"CURVE, LEVEL",OTHER,NO DEFECTS,393
DRY,STRAIGHT ON GRADE,NOT DIVIDED,OTHER,394
WET,STRAIGHT AND LEVEL,FOUR WAY,"RUT, HOLES",395
DRY,STRAIGHT AND LEVEL,"FIVE POINT, OR MORE",WORN SURFACE,396
OTHER,STRAIGHT AND LEVEL,T-INTERSECTION,"RUT, HOLES",397
OTHER,STRAIGHT AND LEVEL,DIVIDED - W/MEDIAN (NOT RAISED),OTHER,398
DRY,STRAIGHT AND LEVEL,RAMP,OTHER,399
DRY,STRAIGHT ON GRADE,CENTER TURN LANE,WORN SURFACE,400
DRY,STRAIGHT ON HILLCREST,DIVIDED - W/MEDIAN (NOT RAISED),UNKNOWN,401
DRY,CURVE ON HILLCREST,DRIVEWAY,NO DEFECTS,402
ICE,STRAIGHT AND LEVEL,NOT DIVIDED,"RUT, HOLES",403
WET,CURVE ON GRADE,CENTER TURN LANE,NO DEFECTS,404
UNKNOWN,STRAIGHT AND LEVEL,Y-INTERSECTION,NO DEFECTS,405
WET,STRAIGHT ON GRADE,CENTER TURN LANE,NO DEFECTS,406
OTHER,STRAIGHT AND LEVEL,T-INTERSECTION,NO DEFECTS,407
"SAND, MUD, DIRT",STRAIGHT AND LEVEL,NOT DIVIDED,DEBRIS ON ROADWAY,408
WET,"CURVE, LEVEL",ONE-WAY,UNKNOWN,409
WET,"CURVE, LEVEL",CENTER TURN LANE,NO DEFECTS,410
DRY,STRAIGHT AND LEVEL,UNKNOWN,"RUT, HOLES",411
DRY,STRAIGHT ON GRADE,DIVIDED - W/MEDIAN BARRIER,"RUT, HOLES",412
SNOW OR SLUSH,STRAIGHT ON GRADE,DRIVEWAY,NO DEFECTS,413
DRY,"CURVE, LEVEL","FIVE POINT, OR MORE",NO DEFECTS,414
DRY,"CURVE, LEVEL",DIVIDED - W/MEDIAN BARRIER,UNKNOWN,415
SNOW OR SLUSH,STRAIGHT AND LEVEL,ONE-WAY,OTHER,416
UNKNOWN,STRAIGHT ON HILLCREST,DIVIDED - W/MEDIAN BARRIER,NO DEFECTS,417
WET,STRAIGHT AND LEVEL,OTHER,WORN SURFACE,418
DRY,STRAIGHT AND LEVEL,ROUNDABOUT,UNKNOWN,419
UNKNOWN,STRAIGHT ON HILLCREST,NOT DIVIDED,UNKNOWN,420
DRY,CURVE ON GRADE,FOUR WAY,NO DEFECTS,421
OTHER,STRAIGHT AND LEVEL,DIVIDED - W/MEDIAN (NOT RAISED),DEBRIS ON ROADWAY,422
OTHER,STRAIGHT AND LEVEL,ONE-WAY,OTHER,423
DRY,STRAIGHT ON GRADE,FOUR WAY,OTHER,424
DRY,STRAIGHT ON GRADE,ALLEY,UNKNOWN,425
WET,"CURVE, LEVEL",Y-INTERSECTION,UNKNOWN,426
SNOW OR SLUSH,STRAIGHT AND LEVEL,DIVIDED - W/MEDIAN BARRIER,WORN SURFACE,427
DRY,CURVE ON GRADE,RAMP,WORN SURFACE,428
WET,STRAIGHT AND LEVEL,TRAFFIC ROUTE,UNKNOWN,429
SNOW OR SLUSH,"CURVE, LEVEL",DIVIDED - W/MEDIAN (NOT RAISED),UNKNOWN,430
ICE,STRAIGHT AND LEVEL,T-INTERSECTION,OTHER,431
UNKNOWN,"CURVE, LEVEL",CENTER TURN LANE,UNKNOWN,432
WET,STRAIGHT ON GRADE,DIVIDED - W/MEDIAN BARRIER,UNKNOWN,433
WET,STRAIGHT AND LEVEL,ONE-WAY,DEBRIS ON ROADWAY,434
WET,CURVE ON GRADE,RAMP,NO DEFECTS,435
UNKNOWN,STRAIGHT ON HILLCREST,DIVIDED - W/MEDIAN (NOT RAISED),UNKNOWN,436
SNOW OR SLUSH,STRAIGHT ON HILLCREST,NOT DIVIDED,NO DEFECTS,437
WET,STRAIGHT AND LEVEL,DIVIDED - W/MEDIAN (NOT RAISED),WORN SURFACE,438
"SAND, MUD, DIRT",STRAIGHT AND LEVEL,NOT DIVIDED,NO DEFECTS,439
OTHER,STRAIGHT ON GRADE,NOT DIVIDED,OTHER,440
DRY,STRAIGHT ON HILLCREST,CENTER TURN LANE,NO DEFECTS,441
SNOW OR SLUSH,CURVE ON HILLCREST,NOT DIVIDED,NO DEFECTS,442
SNOW OR SLUSH,STRAIGHT ON GRADE,DIVIDED - W/MEDIAN BARRIER,UNKNOWN,443
SNOW OR SLUSH,STRAIGHT AND LEVEL,CENTER TURN LANE,OTHER,444
WET,STRAIGHT AND LEVEL,DIVIDED - W/MEDIAN (NOT RAISED),DEBRIS ON ROADWAY,445
OTHER,STRAIGHT AND LEVEL,FOUR WAY,DEBRIS ON ROADWAY,446
WET,STRAIGHT ON GRADE,T-INTERSECTION,SHOULDER DEFECT,447
ICE,STRAIGHT AND LEVEL,NOT REPORTED,UNKNOWN,448
DRY,CURVE ON GRADE,CENTER TURN LANE,"RUT, HOLES",449
DRY,STRAIGHT AND LEVEL,UNKNOWN,WORN SURFACE,450
DRY,STRAIGHT ON GRADE,CENTER TURN LANE,UNKNOWN,451
SNOW OR SLUSH,STRAIGHT ON GRADE,DIVIDED - W/MEDIAN BARRIER,NO DEFECTS,452
SNOW OR SLUSH,STRAIGHT AND LEVEL,TRAFFIC ROUTE,UNKNOWN,453
UNKNOWN,STRAIGHT AND LEVEL,DIVIDED - W/MEDIAN (NOT RAISED),OTHER,454
SNOW OR SLUSH,STRAIGHT AND LEVEL,"FIVE POINT, OR MORE",UNKNOWN,455
DRY,STRAIGHT AND LEVEL,DIVIDED - W/MEDIAN BARRIER,DEBRIS ON ROADWAY,456
ICE,STRAIGHT AND LEVEL,NOT REPORTED,NO DEFECTS,457
SNOW OR SLUSH,STRAIGHT AND LEVEL,DIVIDED - W/MEDIAN (NOT RAISED),OTHER,458
DRY,STRAIGHT ON GRADE,UNKNOWN,UNKNOWN,459
UNKNOWN,"CURVE, LEVEL",Y-INTERSECTION,UNKNOWN,460
DRY,STRAIGHT ON GRADE,DIVIDED - W/MEDIAN (NOT RAISED),WORN SURFACE,461
WET,CURVE ON GRADE,Y-INTERSECTION,NO DEFECTS,462
DRY,STRAIGHT ON GRADE,TRAFFIC ROUTE,NO DEFECTS,463
UNKNOWN,"CURVE, LEVEL",ONE-WAY,UNKNOWN,464
DRY,STRAIGHT AND LEVEL,ONE-WAY,DEBRIS ON ROADWAY,465
ICE,STRAIGHT ON GRADE,NOT DIVIDED,WORN SURFACE,466
UNKNOWN,CURVE ON GRADE,NOT DIVIDED,UNKNOWN,467
UNKNOWN,STRAIGHT ON HILLCREST,UNKNOWN,UNKNOWN,468
"SAND, MUD, DIRT",STRAIGHT AND LEVEL,NOT DIVIDED,OTHER,469
DRY,STRAIGHT AND LEVEL,CENTER TURN LANE,OTHER,470
OTHER,STRAIGHT AND LEVEL,UNKNOWN,UNKNOWN,471
WET,STRAIGHT AND LEVEL,ALLEY,UNKNOWN,472
DRY,STRAIGHT ON HILLCREST,NOT DIVIDED,"RUT, HOLES",473
SNOW OR SLUSH,STRAIGHT ON HILLCREST,NOT DIVIDED,UNKNOWN,474
ICE,STRAIGHT AND LEVEL,DIVIDED - W/MEDIAN BARRIER,WORN SURFACE,475
UNKNOWN,STRAIGHT AND LEVEL,DIVIDED - W/MEDIAN (NOT RAISED),"RUT, HOLES",476
DRY,CURVE ON GRADE,CENTER TURN LANE,NO DEFECTS,477
DRY,CURVE ON GRADE,OTHER,UNKNOWN,478
OTHER,STRAIGHT AND LEVEL,DIVIDED - W/MEDIAN (NOT RAISED),WORN SURFACE,479
OTHER,STRAIGHT AND LEVEL,CENTER TURN LANE,NO DEFECTS,480
WET,CURVE ON GRADE,OTHER,NO DEFECTS,481
UNKNOWN,"CURVE, LEVEL",FOUR WAY,UNKNOWN,482
WET,"CURVE, LEVEL",DIVIDED - W/MEDIAN (NOT RAISED),UNKNOWN,483
WET,STRAIGHT ON GRADE,"FIVE POINT, OR MORE",UNKNOWN,484
UNKNOWN,STRAIGHT AND LEVEL,NOT REPORTED,NO DEFECTS,485
DRY,STRAIGHT ON HILLCREST,T-INTERSECTION,SHOULDER DEFECT,486
DRY,STRAIGHT AND LEVEL,DRIVEWAY,UNKNOWN,487
UNKNOWN,"CURVE, LEVEL",DIVIDED - W/MEDIAN BARRIER,NO DEFECTS,488
DRY,"CURVE, LEVEL",ROUNDABOUT,NO DEFECTS,489
UNKNOWN,"CURVE, LEVEL",DIVIDED - W/MEDIAN (NOT RAISED),UNKNOWN,490
DRY,STRAIGHT ON GRADE,NOT DIVIDED,DEBRIS ON ROADWAY,491
SNOW OR SLUSH,STRAIGHT AND LEVEL,DRIVEWAY,NO DEFECTS,492
OTHER,STRAIGHT AND LEVEL,TRAFFIC ROUTE,OTHER,493
DRY,CURVE ON HILLCREST,NOT DIVIDED,NO DEFECTS,494
UNKNOWN,CURVE ON GRADE,RAMP,UNKNOWN,495
WET,CURVE ON GRADE,UNKNOWN,NO DEFECTS,496
DRY,CURVE ON HILLCREST,DIVIDED - W/MEDIAN BARRIER,UNKNOWN,497
WET,STRAIGHT AND LEVEL,T-INTERSECTION,"RUT, HOLES",498
WET,STRAIGHT ON GRADE,RAMP,UNKNOWN,499
SNOW OR SLUSH,STRAIGHT ON HILLCREST,ONE-WAY,NO DEFECTS,500
DRY,STRAIGHT AND LEVEL,TRAFFIC ROUTE,OTHER,501
OTHER,STRAIGHT AND LEVEL,DIVIDED - W/MEDIAN (NOT RAISED),"RUT, HOLES",502
DRY,STRAIGHT ON GRADE,UNKNOWN,NO DEFECTS,503
WET,"CURVE, LEVEL",ROUNDABOUT,NO DEFECTS,504
SNOW OR SLUSH,STRAIGHT AND LEVEL,DIVIDED - W/MEDIAN BARRIER,OTHER,505
OTHER,STRAIGHT AND LEVEL,NOT DIVIDED,WORN SURFACE,506
WET,STRAIGHT AND LEVEL,DIVIDED - W/MEDIAN BARRIER,"RUT, HOLES",507
UNKNOWN,STRAIGHT ON GRADE,ONE-WAY,NO DEFECTS,508
WET,CURVE ON HILLCREST,DIVIDED - W/MEDIAN BARRIER,NO DEFECTS,509
OTHER,STRAIGHT AND LEVEL,RAMP,NO DEFECTS,510
DRY,STRAIGHT AND LEVEL,NOT REPORTED,DEBRIS ON ROADWAY,511
ICE,STRAIGHT AND LEVEL,Y-INTERSECTION,NO DEFECTS,512
OTHER,STRAIGHT AND LEVEL,Y-INTERSECTION,NO DEFECTS,513
ICE,"CURVE, LEVEL",T-INTERSECTION,NO DEFECTS,514
WET,STRAIGHT AND LEVEL,CENTER TURN LANE,OTHER,515
ICE,STRAIGHT AND LEVEL,TRAFFIC ROUTE,UNKNOWN,516
UNKNOWN,STRAIGHT AND LEVEL,FOUR WAY,DEBRIS ON ROADWAY,517
WET,STRAIGHT ON GRADE,DIVIDED - W/MEDIAN BARRIER,WORN SURFACE,518
SNOW OR SLUSH,"CURVE, LEVEL",DIVIDED - W/MEDIAN BARRIER,NO DEFECTS,519
WET,STRAIGHT AND LEVEL,ONE-WAY,SHOULDER DEFECT,520
WET,CURVE ON GRADE,DIVIDED - W/MEDIAN BARRIER,NO DEFECTS,521
DRY,STRAIGHT ON HILLCREST,OTHER,WORN SURFACE,522
DRY,"CURVE, LEVEL",OTHER,UNKNOWN,523
SNOW OR SLUSH,STRAIGHT AND LEVEL,DIVIDED - W/MEDIAN (NOT RAISED),DEBRIS ON ROADWAY,524
DRY,STRAIGHT ON GRADE,OTHER,SHOULDER DEFECT,525
UNKNOWN,STRAIGHT ON GRADE,OTHER,UNKNOWN,526
DRY,CURVE ON HILLCREST,RAMP,NO DEFECTS,527
DRY,"CURVE, LEVEL",Y-INTERSECTION,"RUT, HOLES",528
WET,STRAIGHT AND LEVEL,ONE-WAY,"RUT, HOLES",529
ICE,"CURVE, LEVEL",Y-INTERSECTION,NO DEFECTS,530
DRY,STRAIGHT ON HILLCREST,T-INTERSECTION,NO DEFECTS,531
OTHER,STRAIGHT AND LEVEL,T-INTERSECTION,OTHER,532
SNOW OR SLUSH,STRAIGHT AND LEVEL,NOT DIVIDED,OTHER,533
DRY,STRAIGHT AND LEVEL,TRAFFIC ROUTE,"RUT, HOLES",534
"SAND, MUD, DIRT","CURVE, LEVEL",OTHER,NO DEFECTS,535
"SAND, MUD, DIRT",STRAIGHT AND LEVEL,DIVIDED - W/MEDIAN (NOT RAISED),OTHER,536
ICE,STRAIGHT AND LEVEL,TRAFFIC ROUTE,NO DEFECTS,537
SNOW OR SLUSH,STRAIGHT ON GRADE,T-INTERSECTION,NO DEFECTS,538
DRY,STRAIGHT AND LEVEL,"FIVE POINT, OR MORE",OTHER,539
ICE,STRAIGHT ON HILLCREST,FOUR WAY,NO DEFECTS,540
OTHER,STRAIGHT AND LEVEL,FOUR WAY,OTHER,541
"SAND, MUD, DIRT",STRAIGHT ON GRADE,OTHER,"RUT, HOLES",542
ICE,STRAIGHT AND LEVEL,DIVIDED - W/MEDIAN BARRIER,"RUT, HOLES",543
WET,STRAIGHT AND LEVEL,T-INTERSECTION,WORN SURFACE,544
ICE,CURVE ON GRADE,DIVIDED - W/MEDIAN BARRIER,NO DEFECTS,545
SNOW OR SLUSH,STRAIGHT AND LEVEL,L-INTERSECTION,UNKNOWN,546
WET,STRAIGHT AND LEVEL,Y-INTERSECTION,"RUT, HOLES",547
DRY,STRAIGHT AND LEVEL,OTHER,DEBRIS ON ROADWAY,548
SNOW OR SLUSH,STRAIGHT AND LEVEL,NOT DIVIDED,SHOULDER DEFECT,549
UNKNOWN,"CURVE, LEVEL",ONE-WAY,NO DEFECTS,550
WET,CURVE ON GRADE,ONE-WAY,NO DEFECTS,551
DRY,STRAIGHT ON GRADE,ONE-WAY,OTHER,552
ICE,STRAIGHT AND LEVEL,FOUR WAY,OTHER,553
ICE,STRAIGHT AND LEVEL,DIVIDED - W/MEDIAN (NOT RAISED),WORN SURFACE,554
WET,STRAIGHT ON HILLCREST,NOT DIVIDED,UNKNOWN,555
OTHER,"CURVE, LEVEL",DIVIDED - W/MEDIAN BARRIER,NO DEFECTS,556
UNKNOWN,STRAIGHT ON HILLCREST,RAMP,UNKNOWN,557
DRY,"CURVE, LEVEL",FOUR WAY,WORN SURFACE,558
DRY,STRAIGHT AND LEVEL,RAMP,WORN SURFACE,559
DRY,STRAIGHT AND LEVEL,L-INTERSECTION,UNKNOWN,560
DRY,"CURVE, LEVEL",PARKING LOT,NO DEFECTS,561
DRY,STRAIGHT AND LEVEL,ROUNDABOUT,"RUT, HOLES",562
SNOW OR SLUSH,STRAIGHT AND LEVEL,NOT DIVIDED,"RUT, HOLES",563
SNOW OR SLUSH,"CURVE, LEVEL",T-INTERSECTION,NO DEFECTS,564
OTHER,STRAIGHT AND LEVEL,ONE-WAY,NO DEFECTS,565
SNOW OR SLUSH,STRAIGHT ON GRADE,RAMP,NO DEFECTS,566
SNOW OR SLUSH,STRAIGHT ON GRADE,Y-INTERSECTION,NO DEFECTS,567
"SAND, MUD, DIRT",STRAIGHT AND LEVEL,DIVIDED - W/MEDIAN (NOT RAISED),"RUT, HOLES",568
WET,STRAIGHT AND LEVEL,RAMP,OTHER,569
DRY,CURVE ON HILLCREST,DIVIDED - W/MEDIAN (NOT RAISED),UNKNOWN,570
ICE,STRAIGHT AND LEVEL,UNKNOWN,NO DEFECTS,571
WET,CURVE ON HILLCREST,NOT DIVIDED,NO DEFECTS,572
DRY,STRAIGHT ON GRADE,Y-INTERSECTION,NO DEFECTS,573
WET,STRAIGHT AND LEVEL,PARKING LOT,UNKNOWN,574
ICE,STRAIGHT AND LEVEL,CENTER TURN LANE,UNKNOWN,575
"SAND, MUD, DIRT",STRAIGHT AND LEVEL,FOUR WAY,DEBRIS ON ROADWAY,576
ICE,STRAIGHT ON GRADE,ONE-WAY,NO DEFECTS,577
DRY,STRAIGHT AND LEVEL,T-INTERSECTION,"RUT, HOLES",578
OTHER,STRAIGHT AND LEVEL,ONE-WAY,"RUT, HOLES",579
WET,STRAIGHT AND LEVEL,DIVIDED - W/MEDIAN BARRIER,SHOULDER DEFECT,580
ICE,STRAIGHT ON HILLCREST,NOT DIVIDED,NO DEFECTS,581
DRY,STRAIGHT AND LEVEL,UNKNOWN,OTHER,582
SNOW OR SLUSH,STRAIGHT ON GRADE,OTHER,NO DEFECTS,583
WET,"CURVE, LEVEL",OTHER,UNKNOWN,584
DRY,STRAIGHT ON GRADE,DRIVEWAY,NO DEFECTS,585
DRY,"CURVE, LEVEL",NOT DIVIDED,WORN SURFACE,586
ICE,STRAIGHT AND LEVEL,RAMP,NO DEFECTS,587
DRY,STRAIGHT ON GRADE,DIVIDED - W/MEDIAN BARRIER,WORN SURFACE,588
UNKNOWN,STRAIGHT AND LEVEL,PARKING LOT,NO DEFECTS,589
UNKNOWN,STRAIGHT ON HILLCREST,Y-INTERSECTION,NO DEFECTS,590
DRY,STRAIGHT ON HILLCREST,NOT REPORTED,NO DEFECTS,591
DRY,"CURVE, LEVEL",DIVIDED - W/MEDIAN (NOT RAISED),UNKNOWN,592
WET,STRAIGHT ON GRADE,NOT DIVIDED,WORN SURFACE,593
DRY,"CURVE, LEVEL",ONE-WAY,OTHER,594
DRY,STRAIGHT ON GRADE,FOUR WAY,"RUT, HOLES",595
UNKNOWN,CURVE ON GRADE,FOUR WAY,UNKNOWN,596
WET,STRAIGHT AND LEVEL,OTHER,"RUT, HOLES",597
SNOW OR SLUSH,STRAIGHT ON HILLCREST,DIVIDED - W/MEDIAN BARRIER,UNKNOWN,598
DRY,"CURVE, LEVEL",Y-INTERSECTION,UNKNOWN,599
DRY,STRAIGHT ON GRADE,DIVIDED - W/MEDIAN (NOT RAISED),"RUT, HOLES",600
UNKNOWN,STRAIGHT AND LEVEL,T-INTERSECTION,OTHER,601
DRY,STRAIGHT ON GRADE,DIVIDED - W/MEDIAN BARRIER,SHOULDER DEFECT,602
UNKNOWN,STRAIGHT ON HILLCREST,ONE-WAY,UNKNOWN,603
ICE,STRAIGHT AND LEVEL,Y-INTERSECTION,UNKNOWN,604
UNKNOWN,STRAIGHT ON GRADE,OTHER,NO DEFECTS,605
DRY,"CURVE, LEVEL",TRAFFIC ROUTE,NO DEFECTS,606
DRY,CURVE ON GRADE,NOT DIVIDED,"RUT, HOLES",607
ICE,STRAIGHT AND LEVEL,NOT DIVIDED,SHOULDER DEFECT,608
ICE,STRAIGHT ON GRADE,DIVIDED - W/MEDIAN BARRIER,UNKNOWN,609
DRY,"CURVE, LEVEL",NOT DIVIDED,OTHER,610
UNKNOWN,STRAIGHT ON HILLCREST,T-INTERSECTION,UNKNOWN,611
DRY,STRAIGHT ON GRADE,L-INTERSECTION,NO DEFECTS,612
DRY,STRAIGHT ON HILLCREST,DIVIDED - W/MEDIAN BARRIER,UNKNOWN,613
DRY,CURVE ON GRADE,T-INTERSECTION,NO DEFECTS,614
WET,STRAIGHT AND LEVEL,OTHER,SHOULDER DEFECT,615
WET,"CURVE, LEVEL",T-INTERSECTION,UNKNOWN,616
ICE,"CURVE, LEVEL",DIVIDED - W/MEDIAN (NOT RAISED),NO DEFECTS,617
UNKNOWN,"CURVE, LEVEL",UNKNOWN,UNKNOWN,618
UNKNOWN,STRAIGHT ON HILLCREST,NOT DIVIDED,NO DEFECTS,619
SNOW OR SLUSH,STRAIGHT AND LEVEL,NOT REPORTED,NO DEFECTS,620
DRY,STRAIGHT AND LEVEL,RAMP,"RUT, HOLES",621
DRY,"CURVE, LEVEL",UNKNOWN,UNKNOWN,622
WET,STRAIGHT AND LEVEL,TRAFFIC ROUTE,WORN SURFACE,623
ICE,STRAIGHT AND LEVEL,ONE-WAY,OTHER,624
WET,STRAIGHT ON GRADE,ALLEY,UNKNOWN,625
DRY,CURVE ON GRADE,PARKING LOT,NO DEFECTS,626
ICE,STRAIGHT AND LEVEL,OTHER,OTHER,627
"SAND, MUD, DIRT",STRAIGHT AND LEVEL,DIVIDED - W/MEDIAN (NOT RAISED),NO DEFECTS,628
OTHER,STRAIGHT AND LEVEL,CENTER TURN LANE,WORN SURFACE,629
OTHER,STRAIGHT AND LEVEL,NOT DIVIDED,DEBRIS ON ROADWAY,630
SNOW OR SLUSH,STRAIGHT AND LEVEL,ONE-WAY,WORN SURFACE,631
SNOW OR SLUSH,"CURVE, LEVEL",OTHER,NO DEFECTS,632
OTHER,STRAIGHT AND LEVEL,FOUR WAY,WORN SURFACE,633
WET,STRAIGHT ON GRADE,NOT DIVIDED,SHOULDER DEFECT,634
OTHER,STRAIGHT AND LEVEL,ALLEY,UNKNOWN,635
OTHER,STRAIGHT ON GRADE,FOUR WAY,UNKNOWN,636
WET,CURVE ON GRADE,DIVIDED - W/MEDIAN (NOT RAISED),NO DEFECTS,637
ICE,STRAIGHT AND LEVEL,OTHER,UNKNOWN,638
DRY,STRAIGHT AND LEVEL,Y-INTERSECTION,WORN SURFACE,639
ICE,STRAIGHT ON GRADE,"FIVE POINT, OR MORE",NO DEFECTS,640
WET,"CURVE, LEVEL",T-INTERSECTION,OTHER,641
WET,CURVE ON HILLCREST,DIVIDED - W/MEDIAN (NOT RAISED),NO DEFECTS,642
DRY,STRAIGHT ON GRADE,DIVIDED - W/MEDIAN (NOT RAISED),OTHER,643
ICE,CURVE ON HILLCREST,FOUR WAY,UNKNOWN,644
UNKNOWN,STRAIGHT ON GRADE,DIVIDED - W/MEDIAN (NOT RAISED),NO DEFECTS,645
WET,STRAIGHT AND LEVEL,RAMP,UNKNOWN,646
OTHER,STRAIGHT ON GRADE,DIVIDED - W/MEDIAN BARRIER,UNKNOWN,647
DRY,STRAIGHT ON HILLCREST,"FIVE POINT, OR MORE",NO DEFECTS,648
WET,STRAIGHT ON GRADE,FOUR WAY,WORN SURFACE,649
WET,CURVE ON GRADE,NOT DIVIDED,"RUT, HOLES",650
ICE,STRAIGHT ON GRADE,NOT DIVIDED,UNKNOWN,651
SNOW OR SLUSH,CURVE ON HILLCREST,RAMP,NO DEFECTS,652
WET,CURVE ON GRADE,T-INTERSECTION,UNKNOWN,653
UNKNOWN,STRAIGHT AND LEVEL,FOUR WAY,"RUT, HOLES",654
SNOW OR SLUSH,"CURVE, LEVEL",NOT DIVIDED,WORN SURFACE,655
SNOW OR SLUSH,STRAIGHT AND LEVEL,ROUNDABOUT,UNKNOWN,656
ICE,CURVE ON GRADE,NOT DIVIDED,WORN SURFACE,657
SNOW OR SLUSH,"CURVE, LEVEL",DIVIDED - W/MEDIAN BARRIER,UNKNOWN,658
DRY,STRAIGHT ON HILLCREST,NOT DIVIDED,WORN SURFACE,659
OTHER,STRAIGHT AND LEVEL,Y-INTERSECTION,"RUT, HOLES",660
WET,CURVE ON HILLCREST,PARKING LOT,NO DEFECTS,661
WET,"CURVE, LEVEL",NOT DIVIDED,SHOULDER DEFECT,662
ICE,"CURVE, LEVEL",NOT DIVIDED,UNKNOWN,663
UNKNOWN,STRAIGHT ON GRADE,DIVIDED - W/MEDIAN BARRIER,NO DEFECTS,664
DRY,STRAIGHT AND LEVEL,UNKNOWN,SHOULDER DEFECT,665
ICE,STRAIGHT ON GRADE,FOUR WAY,NO DEFECTS,666
WET,STRAIGHT AND LEVEL,TRAFFIC ROUTE,SHOULDER DEFECT,667
SNOW OR SLUSH,STRAIGHT ON GRADE,ONE-WAY,UNKNOWN,668
ICE,STRAIGHT AND LEVEL,ALLEY,SHOULDER DEFECT,669
DRY,CURVE ON GRADE,UNKNOWN,"RUT, HOLES",670
SNOW OR SLUSH,STRAIGHT AND LEVEL,NOT DIVIDED,DEBRIS ON ROADWAY,671
OTHER,STRAIGHT AND LEVEL,FOUR WAY,"RUT, HOLES",672
SNOW OR SLUSH,STRAIGHT ON GRADE,FOUR WAY,WORN SURFACE,673
UNKNOWN,STRAIGHT AND LEVEL,ROUNDABOUT,NO DEFECTS,674
DRY,STRAIGHT ON GRADE,NOT DIVIDED,"RUT, HOLES",675
DRY,"CURVE, LEVEL",DIVIDED - W/MEDIAN (NOT RAISED),WORN SURFACE,676
WET,STRAIGHT AND LEVEL,CENTER TURN LANE,"RUT, HOLES",677
OTHER,"CURVE, LEVEL",UNKNOWN,NO DEFECTS,678
SNOW OR SLUSH,STRAIGHT AND LEVEL,NOT DIVIDED,WORN SURFACE,679
WET,STRAIGHT ON HILLCREST,OTHER,WORN SURFACE,680
DRY,STRAIGHT ON HILLCREST,DRIVEWAY,NO DEFECTS,681
SNOW OR SLUSH,STRAIGHT AND LEVEL,DIVIDED - W/MEDIAN (NOT RAISED),"RUT, HOLES",682
DRY,STRAIGHT AND LEVEL,ALLEY,"RUT, HOLES",683
UNKNOWN,"CURVE, LEVEL",DIVIDED - W/MEDIAN BARRIER,UNKNOWN,684
UNKNOWN,STRAIGHT ON GRADE,ALLEY,UNKNOWN,685
UNKNOWN,STRAIGHT AND LEVEL,NOT DIVIDED,SHOULDER DEFECT,686
ICE,CURVE ON HILLCREST,DIVIDED - W/MEDIAN (NOT RAISED),UNKNOWN,687
DRY,STRAIGHT AND LEVEL,Y-INTERSECTION,SHOULDER DEFECT,688
WET,STRAIGHT ON GRADE,ONE-WAY,UNKNOWN,689
ICE,STRAIGHT ON HILLCREST,T-INTERSECTION,NO DEFECTS,690
WET,STRAIGHT ON HILLCREST,DIVIDED - W/MEDIAN BARRIER,UNKNOWN,691
UNKNOWN,STRAIGHT AND LEVEL,CENTER TURN LANE,"RUT, HOLES",692
ICE,STRAIGHT AND LEVEL,DIVIDED - W/MEDIAN (NOT RAISED),"RUT, HOLES",693
ICE,CURVE ON GRADE,DIVIDED - W/MEDIAN (NOT RAISED),NO DEFECTS,694
DRY,CURVE ON HILLCREST,NOT DIVIDED,"RUT, HOLES",695
WET,STRAIGHT AND LEVEL,FOUR WAY,DEBRIS ON ROADWAY,696
DRY,STRAIGHT AND LEVEL,NOT REPORTED,"RUT, HOLES",697
WET,STRAIGHT ON HILLCREST,CENTER TURN LANE,UNKNOWN,698
ICE,STRAIGHT AND LEVEL,ALLEY,UNKNOWN,699
UNKNOWN,STRAIGHT AND LEVEL,DIVIDED - W/MEDIAN BARRIER,WORN SURFACE,700
UNKNOWN,CURVE ON GRADE,DIVIDED - W/MEDIAN (NOT RAISED),UNKNOWN,701
DRY,STRAIGHT AND LEVEL,Y-INTERSECTION,"RUT, HOLES",702
OTHER,STRAIGHT AND LEVEL,DIVIDED - W/MEDIAN BARRIER,UNKNOWN,703
WET,STRAIGHT ON HILLCREST,T-INTERSECTION,UNKNOWN,704
DRY,STRAIGHT AND LEVEL,"FIVE POINT, OR MORE","RUT, HOLES",705
SNOW OR SLUSH,STRAIGHT AND LEVEL,DIVIDED - W/MEDIAN BARRIER,SHOULDER DEFECT,706
WET,STRAIGHT ON HILLCREST,RAMP,NO DEFECTS,707
ICE,STRAIGHT AND LEVEL,CENTER TURN LANE,NO DEFECTS,708
DRY,STRAIGHT ON GRADE,NOT REPORTED,UNKNOWN,709
DRY,CURVE ON GRADE,ONE-WAY,NO DEFECTS,710
WET,STRAIGHT AND LEVEL,OTHER,OTHER,711
WET,STRAIGHT AND LEVEL,NOT DIVIDED,DEBRIS ON ROADWAY,712
DRY,STRAIGHT ON HILLCREST,UNKNOWN,NO DEFECTS,713
DRY,STRAIGHT ON GRADE,ONE-WAY,"RUT, HOLES",714
WET,STRAIGHT AND LEVEL,PARKING LOT,WORN SURFACE,715
"SAND, MUD, DIRT",STRAIGHT AND LEVEL,PARKING LOT,OTHER,716
SNOW OR SLUSH,STRAIGHT ON HILLCREST,DIVIDED - W/MEDIAN (NOT RAISED),OTHER,717
ICE,STRAIGHT AND LEVEL,"FIVE POINT, OR MORE",UNKNOWN,718
DRY,"CURVE, LEVEL",L-INTERSECTION,NO DEFECTS,719
WET,"CURVE, LEVEL",RAMP,UNKNOWN,720
SNOW OR SLUSH,CURVE ON GRADE,NOT DIVIDED,UNKNOWN,721
OTHER,CURVE ON GRADE,DIVIDED - W/MEDIAN BARRIER,NO DEFECTS,722
SNOW OR SLUSH,STRAIGHT AND LEVEL,Y-INTERSECTION,SHOULDER DEFECT,723
SNOW OR SLUSH,STRAIGHT AND LEVEL,NOT REPORTED,UNKNOWN,724
WET,STRAIGHT ON GRADE,DIVIDED - W/MEDIAN BARRIER,OTHER,725
DRY,STRAIGHT AND LEVEL,PARKING LOT,SHOULDER DEFECT,726
SNOW OR SLUSH,STRAIGHT ON GRADE,FOUR WAY,UNKNOWN,727
UNKNOWN,STRAIGHT AND LEVEL,T-INTERSECTION,WORN SURFACE,728
ICE,STRAIGHT ON GRADE,T-INTERSECTION,UNKNOWN,729
UNKNOWN,"CURVE, LEVEL",TRAFFIC ROUTE,UNKNOWN,730
WET,STRAIGHT ON HILLCREST,FOUR WAY,UNKNOWN,731
WET,CURVE ON GRADE,DIVIDED - W/MEDIAN (NOT RAISED),UNKNOWN,732
WET,"CURVE, LEVEL",OTHER,SHOULDER DEFECT,733
DRY,STRAIGHT AND LEVEL,ROUNDABOUT,OTHER,734
DRY,"CURVE, LEVEL",DIVIDED - W/MEDIAN BARRIER,OTHER,735
ICE,STRAIGHT ON GRADE,ONE-WAY,UNKNOWN,736
OTHER,STRAIGHT AND LEVEL,Y-INTERSECTION,UNKNOWN,737
SNOW OR SLUSH,"CURVE, LEVEL",ONE-WAY,NO DEFECTS,738
SNOW OR SLUSH,STRAIGHT AND LEVEL,DIVIDED - W/MEDIAN BARRIER,DEBRIS ON ROADWAY,739
UNKNOWN,STRAIGHT AND LEVEL,DIVIDED - W/MEDIAN BARRIER,OTHER,740
DRY,"CURVE, LEVEL",ROUNDABOUT,"RUT, HOLES",741
"SAND, MUD, DIRT",STRAIGHT AND LEVEL,ONE-WAY,UNKNOWN,742
DRY,STRAIGHT AND LEVEL,NOT REPORTED,WORN SURFACE,743
UNKNOWN,CURVE ON GRADE,NOT DIVIDED,OTHER,744
SNOW OR SLUSH,STRAIGHT AND LEVEL,CENTER TURN LANE,DEBRIS ON ROADWAY,745
UNKNOWN,STRAIGHT ON GRADE,DRIVEWAY,UNKNOWN,746
WET,STRAIGHT AND LEVEL,Y-INTERSECTION,OTHER,747
SNOW OR SLUSH,CURVE ON HILLCREST,DIVIDED - W/MEDIAN (NOT RAISED),NO DEFECTS,748
DRY,STRAIGHT ON GRADE,RAMP,UNKNOWN,749
WET,STRAIGHT ON HILLCREST,ONE-WAY,NO DEFECTS,750
DRY,STRAIGHT ON GRADE,T-INTERSECTION,DEBRIS ON ROADWAY,751
ICE,STRAIGHT ON HILLCREST,NOT DIVIDED,UNKNOWN,752
WET,CURVE ON GRADE,DIVIDED - W/MEDIAN BARRIER,UNKNOWN,753
OTHER,STRAIGHT AND LEVEL,DIVIDED - W/MEDIAN BARRIER,DEBRIS ON ROADWAY,754
OTHER,STRAIGHT AND LEVEL,ONE-WAY,WORN SURFACE,755
DRY,STRAIGHT ON HILLCREST,ONE-WAY,UNKNOWN,756
OTHER,STRAIGHT ON GRADE,FOUR WAY,NO DEFECTS,757
"SAND, MUD, DIRT",STRAIGHT AND LEVEL,OTHER,NO DEFECTS,758
DRY,STRAIGHT AND LEVEL,TRAFFIC ROUTE,DEBRIS ON ROADWAY,759
"SAND, MUD, DIRT",STRAIGHT AND LEVEL,NOT DIVIDED,UNKNOWN,760
ICE,STRAIGHT AND LEVEL,ONE-WAY,"RUT, HOLES",761
WET,"CURVE, LEVEL",DIVIDED - W/MEDIAN BARRIER,WORN SURFACE,762
ICE,STRAIGHT AND LEVEL,FOUR WAY,WORN SURFACE,763
ICE,STRAIGHT ON GRADE,TRAFFIC ROUTE,NO DEFECTS,764
OTHER,STRAIGHT ON GRADE,NOT DIVIDED,DEBRIS ON ROADWAY,765
WET,STRAIGHT ON GRADE,PARKING LOT,NO DEFECTS,766
DRY,"CURVE, LEVEL",ROUNDABOUT,WORN SURFACE,767
OTHER,STRAIGHT AND LEVEL,ONE-WAY,DEBRIS ON ROADWAY,768
DRY,STRAIGHT AND LEVEL,L-INTERSECTION,SHOULDER DEFECT,769
UNKNOWN,CURVE ON GRADE,PARKING LOT,UNKNOWN,770
DRY,STRAIGHT ON HILLCREST,DIVIDED - W/MEDIAN BARRIER,OTHER,771
DRY,STRAIGHT ON HILLCREST,T-INTERSECTION,UNKNOWN,772
ICE,STRAIGHT AND LEVEL,ROUNDABOUT,NO DEFECTS,773
DRY,STRAIGHT ON GRADE,"FIVE POINT, OR MORE",UNKNOWN,774
DRY,STRAIGHT ON HILLCREST,T-INTERSECTION,WORN SURFACE,775
DRY,STRAIGHT ON GRADE,DRIVEWAY,OTHER,776
DRY,"CURVE, LEVEL",ONE-WAY,WORN SURFACE,777
OTHER,STRAIGHT AND LEVEL,NOT DIVIDED,SHOULDER DEFECT,778
SNOW OR SLUSH,STRAIGHT AND LEVEL,DIVIDED - W/MEDIAN (NOT RAISED),WORN SURFACE,779
DRY,CURVE ON GRADE,DRIVEWAY,NO DEFECTS,780
OTHER,STRAIGHT AND LEVEL,NOT REPORTED,OTHER,781
WET,STRAIGHT ON GRADE,NOT DIVIDED,OTHER,782
ICE,STRAIGHT ON HILLCREST,ONE-WAY,NO DEFECTS,783
SNOW OR SLUSH,STRAIGHT ON GRADE,NOT DIVIDED,"RUT, HOLES",784
DRY,STRAIGHT ON GRADE,TRAFFIC ROUTE,UNKNOWN,785
WET,STRAIGHT ON GRADE,FOUR WAY,OTHER,786
WET,CURVE ON GRADE,NOT DIVIDED,UNKNOWN,787
SNOW OR SLUSH,STRAIGHT AND LEVEL,RAMP,UNKNOWN,788
DRY,STRAIGHT ON GRADE,DRIVEWAY,SHOULDER DEFECT,789
SNOW OR SLUSH,STRAIGHT ON GRADE,NOT DIVIDED,SHOULDER DEFECT,790
UNKNOWN,"CURVE, LEVEL",T-INTERSECTION,UNKNOWN,791
DRY,"CURVE, LEVEL",NOT REPORTED,NO DEFECTS,792
DRY,CURVE ON HILLCREST,DIVIDED - W/MEDIAN (NOT RAISED),WORN SURFACE,793
SNOW OR SLUSH,STRAIGHT ON HILLCREST,FOUR WAY,UNKNOWN,794
WET,STRAIGHT AND LEVEL,ROUNDABOUT,UNKNOWN,795
UNKNOWN,STRAIGHT ON HILLCREST,CENTER TURN LANE,UNKNOWN,796
WET,STRAIGHT ON GRADE,ALLEY,NO DEFECTS,797
SNOW OR SLUSH,STRAIGHT ON GRADE,FOUR WAY,OTHER,798
UNKNOWN,STRAIGHT ON GRADE,RAMP,UNKNOWN,799
WET,STRAIGHT ON HILLCREST,NOT DIVIDED,"RUT, HOLES",800
DRY,"CURVE, LEVEL",RAMP,UNKNOWN,801
WET,"CURVE, LEVEL",ALLEY,"RUT, HOLES",802
SNOW OR SLUSH,STRAIGHT ON GRADE,CENTER TURN LANE,UNKNOWN,803
DRY,CURVE ON GRADE,FOUR WAY,"RUT, HOLES",804
WET,STRAIGHT ON GRADE,OTHER,WORN SURFACE,805
WET,STRAIGHT AND LEVEL,T-INTERSECTION,OTHER,806
ICE,STRAIGHT AND LEVEL,CENTER TURN LANE,"RUT, HOLES",807
SNOW OR SLUSH,STRAIGHT AND LEVEL,CENTER TURN LANE,"RUT, HOLES",808
DRY,"CURVE, LEVEL",DRIVEWAY,NO DEFECTS,809
DRY,CURVE ON GRADE,Y-INTERSECTION,UNKNOWN,810
DRY,CURVE ON HILLCREST,UNKNOWN,NO DEFECTS,811
DRY,CURVE ON GRADE,NOT DIVIDED,UNKNOWN,812
ICE,STRAIGHT AND LEVEL,ALLEY,WORN SURFACE,813
SNOW OR SLUSH,STRAIGHT AND LEVEL,L-INTERSECTION,NO DEFECTS,814
"SAND, MUD, DIRT",STRAIGHT ON HILLCREST,OTHER,DEBRIS ON ROADWAY,815
ICE,STRAIGHT ON GRADE,DIVIDED - W/MEDIAN BARRIER,NO DEFECTS,816
SNOW OR SLUSH,STRAIGHT ON GRADE,ALLEY,NO DEFECTS,817
ICE,STRAIGHT AND LEVEL,ONE-WAY,WORN SURFACE,818
WET,CURVE ON GRADE,NOT DIVIDED,WORN SURFACE,819
WET,STRAIGHT AND LEVEL,ALLEY,WORN SURFACE,820
SNOW OR SLUSH,STRAIGHT ON HILLCREST,NOT DIVIDED,WORN SURFACE,821
WET,STRAIGHT ON GRADE,NOT REPORTED,NO DEFECTS,822
WET,STRAIGHT ON GRADE,UNKNOWN,UNKNOWN,823
ICE,STRAIGHT ON GRADE,CENTER TURN LANE,NO DEFECTS,824
UNKNOWN,STRAIGHT ON GRADE,FOUR WAY,WORN SURFACE,825
DRY,STRAIGHT ON HILLCREST,DIVIDED - W/MEDIAN (NOT RAISED),OTHER,826
"SAND, MUD, DIRT",STRAIGHT AND LEVEL,ONE-WAY,DEBRIS ON ROADWAY,827
ICE,STRAIGHT ON GRADE,DIVIDED - W/MEDIAN (NOT RAISED),NO DEFECTS,828
SNOW OR SLUSH,STRAIGHT ON HILLCREST,DIVIDED - W/MEDIAN BARRIER,NO DEFECTS,829
UNKNOWN,CURVE ON GRADE,DIVIDED - W/MEDIAN BARRIER,UNKNOWN,830
DRY,STRAIGHT AND LEVEL,ALLEY,SHOULDER DEFECT,831
"SAND, MUD, DIRT",STRAIGHT AND LEVEL,FOUR WAY,UNKNOWN,832
DRY,"CURVE, LEVEL",FOUR WAY,"RUT, HOLES",833
SNOW OR SLUSH,STRAIGHT ON HILLCREST,FOUR WAY,NO DEFECTS,834
OTHER,STRAIGHT AND LEVEL,NOT REPORTED,NO DEFECTS,835
WET,"CURVE, LEVEL",FOUR WAY,WORN SURFACE,836
SNOW OR SLUSH,"CURVE, LEVEL",T-INTERSECTION,UNKNOWN,837
SNOW OR SLUSH,STRAIGHT AND LEVEL,OTHER,"RUT, HOLES",838
DRY,CURVE ON GRADE,TRAFFIC ROUTE,NO DEFECTS,839
DRY,CURVE ON GRADE,FOUR WAY,UNKNOWN,840
DRY,STRAIGHT AND LEVEL,CENTER TURN LANE,DEBRIS ON ROADWAY,841
DRY,STRAIGHT ON HILLCREST,RAMP,UNKNOWN,842
UNKNOWN,CURVE ON GRADE,DIVIDED - W/MEDIAN BARRIER,NO DEFECTS,843
SNOW OR SLUSH,CURVE ON GRADE,OTHER,NO DEFECTS,844
WET,STRAIGHT ON GRADE,CENTER TURN LANE,UNKNOWN,845
ICE,"CURVE, LEVEL",NOT DIVIDED,OTHER,846
WET,"CURVE, LEVEL",NOT DIVIDED,"RUT, HOLES",847
"SAND, MUD, DIRT",STRAIGHT AND LEVEL,ONE-WAY,OTHER,848
SNOW OR SLUSH,CURVE ON GRADE,DIVIDED - W/MEDIAN (NOT RAISED),NO DEFECTS,849
DRY,CURVE ON HILLCREST,Y-INTERSECTION,UNKNOWN,850
"SAND, MUD, DIRT",STRAIGHT AND LEVEL,OTHER,OTHER,851
ICE,STRAIGHT AND LEVEL,DIVIDED - W/MEDIAN BARRIER,OTHER,852
ICE,STRAIGHT ON GRADE,FOUR WAY,WORN SURFACE,853
OTHER,STRAIGHT AND LEVEL,CENTER TURN LANE,UNKNOWN,854
UNKNOWN,STRAIGHT AND LEVEL,TRAFFIC ROUTE,NO DEFECTS,855
DRY,STRAIGHT ON GRADE,ALLEY,OTHER,856
DRY,STRAIGHT ON GRADE,L-INTERSECTION,WORN SURFACE,857
WET,"CURVE, LEVEL",DIVIDED - W/MEDIAN (NOT RAISED),OTHER,858
SNOW OR SLUSH,STRAIGHT AND LEVEL,ALLEY,OTHER,859
ICE,STRAIGHT AND LEVEL,NOT REPORTED,OTHER,860
WET,STRAIGHT AND LEVEL,DIVIDED - W/MEDIAN BARRIER,DEBRIS ON ROADWAY,861
ICE,"CURVE, LEVEL",RAMP,UNKNOWN,862
ICE,STRAIGHT AND LEVEL,L-INTERSECTION,NO DEFECTS,863
OTHER,STRAIGHT AND LEVEL,DIVIDED - W/MEDIAN BARRIER,OTHER,864
WET,STRAIGHT AND LEVEL,"FIVE POINT, OR MORE",OTHER,865
WET,STRAIGHT ON HILLCREST,ONE-WAY,WORN SURFACE,866
DRY,CURVE ON GRADE,PARKING LOT,OTHER,867
DRY,STRAIGHT ON HILLCREST,ONE-WAY,"RUT, HOLES",868
DRY,STRAIGHT ON GRADE,OTHER,OTHER,869
DRY,STRAIGHT ON HILLCREST,DIVIDED - W/MEDIAN BARRIER,WORN SURFACE,870
ICE,CURVE ON GRADE,RAMP,NO DEFECTS,871
UNKNOWN,STRAIGHT AND LEVEL,DIVIDED - W/MEDIAN BARRIER,"RUT, HOLES",872
ICE,CURVE ON GRADE,NOT DIVIDED,NO DEFECTS,873
UNKNOWN,"CURVE, LEVEL",CENTER TURN LANE,NO DEFECTS,874
UNKNOWN,STRAIGHT ON HILLCREST,DIVIDED - W/MEDIAN BARRIER,UNKNOWN,875
ICE,STRAIGHT AND LEVEL,Y-INTERSECTION,OTHER,876
SNOW OR SLUSH,STRAIGHT ON HILLCREST,CENTER TURN LANE,NO DEFECTS,877
WET,STRAIGHT ON GRADE,TRAFFIC ROUTE,NO DEFECTS,878
UNKNOWN,STRAIGHT AND LEVEL,"FIVE POINT, OR MORE",OTHER,879
DRY,STRAIGHT ON GRADE,PARKING LOT,UNKNOWN,880
OTHER,STRAIGHT ON GRADE,DIVIDED - W/MEDIAN BARRIER,OTHER,881
DRY,CURVE ON GRADE,ROUNDABOUT,NO DEFECTS,882
OTHER,STRAIGHT AND LEVEL,OTHER,"RUT, HOLES",883
SNOW OR SLUSH,CURVE ON GRADE,DIVIDED - W/MEDIAN BARRIER,UNKNOWN,884
SNOW OR SLUSH,STRAIGHT ON GRADE,OTHER,UNKNOWN,885
SNOW OR SLUSH,STRAIGHT ON GRADE,L-INTERSECTION,NO DEFECTS,886
WET,"CURVE, LEVEL",NOT DIVIDED,DEBRIS ON ROADWAY,887
UNKNOWN,STRAIGHT AND LEVEL,ONE-WAY,WORN SURFACE,888
DRY,STRAIGHT AND LEVEL,ROUNDABOUT,SHOULDER DEFECT,889
DRY,"CURVE, LEVEL",NOT DIVIDED,"RUT, HOLES",890
WET,"CURVE, LEVEL",NOT DIVIDED,WORN SURFACE,891
WET,CURVE ON GRADE,RAMP,UNKNOWN,892
"SAND, MUD, DIRT",CURVE ON HILLCREST,NOT DIVIDED,WORN SURFACE,893
OTHER,STRAIGHT ON GRADE,NOT DIVIDED,WORN SURFACE,894
WET,STRAIGHT ON HILLCREST,PARKING LOT,NO DEFECTS,895
OTHER,STRAIGHT AND LEVEL,"FIVE POINT, OR MORE",UNKNOWN,896
DRY,STRAIGHT AND LEVEL,ROUNDABOUT,WORN SURFACE,897
UNKNOWN,CURVE ON GRADE,Y-INTERSECTION,UNKNOWN,898
UNKNOWN,"CURVE, LEVEL",DIVIDED - W/MEDIAN (NOT RAISED),NO DEFECTS,899
DRY,CURVE ON GRADE,FOUR WAY,DEBRIS ON ROADWAY,900
WET,"CURVE, LEVEL",TRAFFIC ROUTE,NO DEFECTS,901
DRY,"CURVE, LEVEL",T-INTERSECTION,WORN SURFACE,902
DRY,STRAIGHT ON GRADE,ROUNDABOUT,NO DEFECTS,903
WET,STRAIGHT AND LEVEL,PARKING LOT,OTHER,904
SNOW OR SLUSH,"CURVE, LEVEL",TRAFFIC ROUTE,NO DEFECTS,905
DRY,"CURVE, LEVEL","FIVE POINT, OR MORE",UNKNOWN,906
OTHER,STRAIGHT AND LEVEL,TRAFFIC ROUTE,UNKNOWN,907
DRY,STRAIGHT ON GRADE,NOT REPORTED,NO DEFECTS,908
DRY,STRAIGHT AND LEVEL,L-INTERSECTION,DEBRIS ON ROADWAY,909
WET,"CURVE, LEVEL",UNKNOWN,UNKNOWN,910
WET,STRAIGHT ON HILLCREST,TRAFFIC ROUTE,NO DEFECTS,911
"SAND, MUD, DIRT",STRAIGHT AND LEVEL,TRAFFIC ROUTE,UNKNOWN,912
SNOW OR SLUSH,STRAIGHT AND LEVEL,ALLEY,"RUT, HOLES",913
